id,is_active,balance,picture,age,eye_color,name,gender,company,email,phone,address,about,registered,latitude,longitude
1,true,191.43,http://zoom.us/one,32,violet,Derek Alvarez,male,Cum Sociis Natoque Industries,luctus.lobortis.class@hotmail.ca,1-714-548-6217,708-4404 Congue St.,"id, erat. Etiam vestibulum massa rutrum magna. Cras convallis convallis",2024-12-23 07:56:18,-63.9744749568,-135.1415192576
2,true,182.26,https://youtube.com/en-us,36,green,Hedwig Branch,female,Dui Lectus Incorporated,nullam.velit@hotmail.net,1-524-161-5927,527-6989 Duis Rd.,justo eu arcu. Morbi sit amet massa. Quisque porttitor eros,2025-10-02 07:47:15,-4.7844972544,165.0524386304
3,false,106.06,http://bbc.co.uk/fr,27,orange,Lawrence Gallagher,male,Justo Faucibus Institute,in.molestie.tortor@outlook.net,(290) 711-1549,Ap #950-9682 Nibh. Av.,Quisque ornare tortor at risus. Nunc ac sem ut dolor,2023-12-27 00:33:09,79.2979535872,127.8166955008
4,true,139.21,http://naver.com/en-ca,64,yellow,Gretchen Hendricks,female,Id Risus LLP,est.congue@protonmail.ca,1-365-206-1032,8203 Ligula. Av.,risus. Nulla eget metus eu erat semper rutrum. Fusce dolor,2024-06-26 11:10:15,88.7654935552,-59.6230412288
5,true,138.72,https://wikipedia.org/group/9,44,yellow,Rama Aguilar,female,Erat Institute,lacinia.sed@outlook.com,1-574-880-4135,452-8877 Nulla Av.,"iaculis, lacus pede sagittis augue, eu tempor erat neque non",2025-03-12 05:53:04,20.8390948864,54.210724352
6,false,185.98,https://cnn.com/group/9,27,indigo,Ifeoma Allison,male,Sed Libero Ltd,sem@yahoo.com,(717) 881-9787,705-4876 Dapibus Av.,et ultrices posuere cubilia Curae Phasellus ornare. Fusce mollis. Duis,2024-12-17 11:38:02,-53.329781248,-147.235871744
7,true,105.47,http://whatsapp.com/en-us,52,violet,Susan Griffin,male,Sapien Associates,fusce.fermentum.fermentum@protonmail.couk,(570) 371-3639,734-7123 Proin Rd.,"Vivamus rhoncus. Donec est. Nunc ullamcorper, velit in aliquet lobortis,",2025-01-02 07:51:16,-3.5669871616,20.041117696
8,false,170.13,https://facebook.com/site,28,indigo,Sonia Henry,female,Placerat Institute,luctus@google.net,(331) 216-6510,Ap #703-1860 Donec Rd.,diam luctus lobortis. Class aptent taciti sociosqu ad litora torquent,2024-09-25 16:53:19,72.2004547584,150.4984265728
9,true,189.32,https://whatsapp.com/en-us,61,red,Kaseem Stevenson,male,Nisl Sem Ltd,eu.tempor@outlook.edu,(417) 781-0436,3467 Luctus Av.,"eu, eleifend nec, malesuada ut, sem. Nulla interdum. Curabitur dictum.",2024-10-09 04:20:01,66.2495504384,169.7485028352
10,false,184.33,https://guardian.co.uk/en-us,47,yellow,Maxwell Moses,female,Porta Elit Industries,neque@aol.couk,1-768-187-2384,645-8153 Magnis Rd.,"purus. Duis elementum, dui quis accumsan convallis, ante lectus convallis",2023-12-06 07:52:33,36.7478636544,-166.7719343104
11,false,187.17,https://walmart.com/en-ca,43,red,Vernon Hall,male,Cubilia Curae Industries,scelerisque.scelerisque@yahoo.com,(533) 517-7173,611-4235 Amet Street,sem magna nec quam. Curabitur vel lectus. Cum sociis natoque,2025-05-16 07:37:35,3.2173038592,71.220384768
12,false,100.88,https://bbc.co.uk/en-us,45,violet,Althea Finch,male,Lorem Auctor LLC,suspendisse.tristique@outlook.net,(714) 848-8118,Ap #856-2172 Mauris St.,"bibendum ullamcorper. Duis cursus, diam at pretium aliquet, metus urna",2023-12-09 04:29:17,-81.8282909696,40.9439480832
13,true,100.03,http://naver.com/group/9,57,orange,Georgia Howard,female,Eget Mollis Lectus Corporation,ligula.aliquam@aol.ca,(301) 371-3510,277-6892 Ac St.,quis turpis vitae purus gravida sagittis. Duis gravida. Praesent eu,2025-02-17 16:04:52,36.982579712,137.3743679488
14,false,171.26,http://google.com/en-ca,32,orange,Abraham Barton,female,Lectus Nullam Suscipit Inc.,at@hotmail.ca,(677) 634-0516,"P.O. Box 741, 7271 Mauris Avenue",In nec orci. Donec nibh. Quisque nonummy ipsum non arcu.,2024-06-13 20:56:38,-83.4764736512,-11.1368508416
15,false,157.70,http://instagram.com/sub,52,green,Kevin Morrow,male,Nascetur Limited,dolor.vitae@icloud.org,1-421-737-5577,801-4512 Feugiat Road,lorem vitae odio sagittis semper. Nam tempor diam dictum sapien.,2025-10-16 21:41:07,-5.717267456,99.160356864
16,true,100.62,https://nytimes.com/site,55,blue,Troy Hurley,female,Sagittis LLC,mauris@hotmail.net,1-689-845-7357,Ap #697-4991 Iaculis Rd.,Nam ac nulla. In tincidunt congue turpis. In condimentum. Donec,2025-02-07 10:35:20,-18.4430230528,-99.6198347776
17,false,184.58,https://walmart.com/en-ca,54,green,Rose Jensen,female,Congue Foundation,arcu.et@icloud.org,1-734-376-4445,2660 Turpis Street,"a ultricies adipiscing, enim mi tempor lorem, eget mollis lectus",2025-06-30 12:42:48,40.0656772096,-75.2533523456
18,true,104.72,http://baidu.com/one,67,blue,Dylan Underwood,male,Ipsum Porta Elit Corporation,lorem.eu.metus@aol.com,(378) 754-5513,Ap #715-7241 Vehicula Rd.,egestas nunc sed libero. Proin sed turpis nec mauris blandit,2025-05-25 01:54:17,-38.2230291456,-88.4819443712
19,false,112.15,https://baidu.com/sub/cars,46,indigo,Vivian Munoz,male,Interdum LLC,sit.amet@icloud.ca,(216) 242-8364,Ap #533-556 Ullamcorper. Street,Donec at arcu. Vestibulum ante ipsum primis in faucibus orci,2024-01-10 08:50:29,8.7808768,163.7283134464
20,true,128.21,http://cnn.com/en-us,63,blue,Astra Pope,female,Ut Nec LLP,nulla.dignissim@aol.ca,1-359-431-9841,502-4913 Cum St.,arcu. Vestibulum ut eros non enim commodo hendrerit. Donec porttitor,2025-01-08 11:21:38,29.7382053888,41.6061586432
21,false,124.87,https://zoom.us/en-ca,68,violet,Hayley Bartlett,female,Proin Foundation,ac.turpis@yahoo.edu,(226) 849-3531,"P.O. Box 605, 1042 Nulla St.",feugiat. Sed nec metus facilisis lorem tristique aliquet. Phasellus fermentum,2024-11-23 09:27:33,86.764307456,124.1981110272
22,false,149.08,http://youtube.com/site,25,orange,Gary Galloway,female,Tempus Mauris LLC,enim@aol.net,(560) 854-5529,"P.O. Box 653, 5440 Arcu. Road",eros. Proin ultrices. Duis volutpat nunc sit amet metus. Aliquam,2025-05-30 20:27:39,18.136147456,173.4475020288
23,true,197.84,https://pinterest.com/settings,42,violet,Margaret Hale,female,Adipiscing Elit Aliquam Ltd,adipiscing.elit.curabitur@hotmail.org,1-466-763-2552,Ap #360-3957 Gravida. Av.,sagittis. Nullam vitae diam. Proin dolor. Nulla semper tellus id,2024-08-07 09:57:09,-12.8492819456,25.4791839744
24,false,164.33,http://netflix.com/one,22,blue,Heather Frye,female,Posuere LLP,imperdiet.ornare@outlook.org,1-260-425-7914,Ap #119-6205 Pharetra. Road,"lectus rutrum urna, nec luctus felis purus ac tellus. Suspendisse",2024-09-28 16:12:24,-65.0874095616,-64.0262651904
25,true,185.74,https://wikipedia.org/settings,28,indigo,Nathaniel Cunningham,female,Lacus Etiam Corp.,morbi.non.sapien@icloud.couk,(775) 387-8235,"Ap #424-8099 Nec, Avenue","nunc risus varius orci, in consequat enim diam vel arcu.",2024-01-19 22:13:07,34.5209473024,8.0665141248
26,true,152.39,https://baidu.com/one,49,blue,Alan Norris,male,Lectus Quis Massa Corporation,laoreet@icloud.ca,1-677-256-8915,302-4650 Magnis Street,Vivamus nisi. Mauris nulla. Integer urna. Vivamus molestie dapibus ligula.,2024-01-05 09:36:33,-61.6407870464,40.6205402112
27,false,110.06,http://ebay.com/one,69,orange,Palmer Davenport,female,Quam Quis Diam LLC,ante.blandit@hotmail.org,(226) 951-1441,441 Ornare. Av.,massa. Suspendisse eleifend. Cras sed leo. Cras vehicula aliquet libero.,2025-11-03 09:49:17,-74.9439318016,-133.074317312
28,true,198.51,http://bbc.co.uk/en-ca,52,green,Lael Booth,female,Odio Corporation,integer.in@outlook.ca,(416) 949-3628,Ap #622-7586 Interdum Avenue,"eu, odio. Phasellus at augue id ante dictum cursus. Nunc",2024-09-16 15:47:56,-77.8424660992,62.133161984
29,true,140.42,http://pinterest.com/site,42,violet,Jada Petersen,female,Orci Luctus Institute,felis.nulla.tempor@protonmail.edu,1-681-573-2877,"P.O. Box 179, 9871 Mauris Rd.","dui quis accumsan convallis, ante lectus convallis est, vitae sodales",2024-06-26 04:11:01,81.8959798272,-150.623404032
30,true,171.64,http://twitter.com/site,54,blue,Lev Howe,female,Odio Sagittis Incorporated,natoque.penatibus@aol.couk,(229) 753-3395,999-5367 Fermentum Road,"pharetra sed, hendrerit a, arcu. Sed et libero. Proin mi.",2025-08-15 12:46:05,-84.4713040896,155.7030053888
31,false,159.90,http://yahoo.com/fr,49,violet,Steel Jackson,male,Aenean Eget Magna Foundation,aenean@icloud.edu,(577) 503-7546,424-9163 Molestie Avenue,non lorem vitae odio sagittis semper. Nam tempor diam dictum,2024-04-17 02:16:15,38.364222976,154.2011708416
32,false,150.29,https://whatsapp.com/user/110,55,orange,Genevieve Stanton,male,Curabitur Dictum Institute,duis@icloud.edu,(428) 737-7928,355-4433 Imperdiet St.,"orci quis lectus. Nullam suscipit, est ac facilisis facilisis, magna",2025-01-06 19:10:50,-19.109789696,114.9281650688
33,true,198.30,http://facebook.com/user/110,30,indigo,Jin Frye,female,Mollis Corp.,magnis.dis@aol.ca,1-473-404-2653,"Ap #623-5818 Eleifend, Street","nulla ante, iaculis nec, eleifend non, dapibus rutrum, justo. Praesent",2024-08-04 08:24:34,53.7647827968,-109.5810563072
34,false,175.00,http://nytimes.com/fr,41,yellow,Jenette Mckay,female,Nibh Donec Institute,amet@outlook.couk,(844) 301-8001,Ap #736-371 Imperdiet Street,tortor. Nunc commodo auctor velit. Aliquam nisl. Nulla eu neque,2024-11-25 06:12:20,22.6269514752,-145.9989221376
35,true,153.12,https://youtube.com/en-ca,44,orange,Paloma Pruitt,male,A Ltd,proin.eget@icloud.com,1-517-962-3766,Ap #366-4215 Interdum Rd.,"Cras dictum ultricies ligula. Nullam enim. Sed nulla ante, iaculis",2025-10-27 00:39:38,-66.5314093056,-53.5491923968
36,false,159.17,http://yahoo.com/en-ca,51,blue,Charlotte Chase,female,Fusce Aliquet PC,enim@google.ca,(354) 764-3588,Ap #855-6630 In St.,"et magnis dis parturient montes, nascetur ridiculus mus. Proin vel",2024-01-06 08:32:21,-19.747257344,-101.9538523136
37,false,153.13,https://baidu.com/site,18,indigo,Caryn Nguyen,female,Orci Corporation,adipiscing.enim.mi@google.net,1-267-896-9222,271-179 Bibendum. Rd.,"quis lectus. Nullam suscipit, est ac facilisis facilisis, magna tellus",2025-05-01 06:12:19,57.4954358784,12.2319215616
38,true,179.25,http://naver.com/fr,49,yellow,Alfonso Floyd,male,Cursus Incorporated,adipiscing.lobortis@hotmail.couk,1-142-106-1807,"P.O. Box 533, 2805 Proin Avenue",neque pellentesque massa lobortis ultrices. Vivamus rhoncus. Donec est. Nunc,2025-06-09 18:09:02,86.6160743424,-99.5135468544
39,false,189.39,https://baidu.com/sub,32,indigo,Ashely Baird,female,Dapibus Id Blandit Company,proin.ultrices@icloud.com,(687) 717-4321,Ap #568-530 Quis Rd.,neque. Sed eget lacus. Mauris non dui nec urna suscipit,2025-08-29 15:19:28,59.1023488,-34.5236975616
40,false,160.72,http://cnn.com/settings,54,blue,Quinn Banks,female,Dictum Ltd,at@hotmail.com,(591) 267-5154,4611 Aliquam Ave,"dictum magna. Ut tincidunt orci quis lectus. Nullam suscipit, est",2025-01-27 16:10:03,2.4560920576,-121.519998464
41,false,136.29,https://naver.com/fr,39,blue,Audra Schultz,female,Vivamus Molestie Foundation,vitae.posuere@protonmail.couk,(367) 988-5533,Ap #310-1774 Erat Street,"laoreet posuere, enim nisl elementum purus, accumsan interdum libero dui",2024-05-22 13:00:31,-49.5486922752,-53.6343832576
42,false,178.87,http://wikipedia.org/one,58,yellow,Iris Marsh,male,Dapibus Gravida Aliquam Company,lectus.ante@icloud.ca,(333) 955-1445,Ap #395-3945 Ante St.,"commodo at, libero. Morbi accumsan laoreet ipsum. Curabitur consequat, lectus",2025-08-29 23:10:29,-55.102179328,-92.234759168
43,true,176.69,https://cnn.com/en-ca,52,blue,Colt Pope,female,Congue LLC,lectus.a.sollicitudin@outlook.ca,(441) 863-8735,"P.O. Box 816, 1836 Nisi St.",magna. Duis dignissim tempor arcu. Vestibulum ut eros non enim,2023-12-31 12:10:52,-9.7327603712,-60.5139356672
44,true,158.32,https://instagram.com/user/110,39,red,Abdul Lowe,male,Molestie Dapibus Inc.,etiam.bibendum@protonmail.com,1-784-768-1934,Ap #898-1508 Laoreet Rd.,"vulputate, posuere vulputate, lacus. Cras interdum. Nunc sollicitudin commodo ipsum.",2023-11-27 03:31:22,-51.5783415808,102.3568582656
45,true,193.20,http://cnn.com/site,45,blue,Leilani Cooley,female,Sem Magna Industries,nunc.mauris.elit@icloud.edu,(788) 953-8853,"Ap #435-247 Pede, St.",Nunc pulvinar arcu et pede. Nunc sed orci lobortis augue,2025-01-29 10:40:00,75.7757968384,-163.290088448
46,false,175.68,http://ebay.com/fr,57,yellow,Pandora Little,female,Massa Inc.,cras.eget@yahoo.com,(860) 137-8824,"678-2278 Ut, Ave","dolor quam, elementum at, egestas a, scelerisque sed, sapien. Nunc",2025-01-13 19:55:46,56.7834847232,-127.3994353664
47,false,154.87,http://nytimes.com/sub,30,green,Jameson Mcfarland,male,Dolor Sit Amet Corp.,at.lacus@aol.couk,1-917-364-2784,869-6792 Tempus Rd.,sapien molestie orci tincidunt adipiscing. Mauris molestie pharetra nibh. Aliquam,2024-09-03 19:13:26,3.9451097088,-179.3803613184
48,true,103.63,https://baidu.com/site,19,green,Elliott Stanton,male,Integer PC,eu.dui@hotmail.org,1-797-622-8368,9080 Scelerisque Ave,"nec tellus. Nunc lectus pede, ultrices a, auctor non, feugiat",2024-08-08 23:38:41,53.2185310208,54.0751116288
49,false,118.85,http://bbc.co.uk/sub/cars,23,orange,Samantha Kirby,female,Eget Nisi PC,lobortis.quis@hotmail.net,(904) 218-6555,"P.O. Box 941, 3412 Massa. Rd.",sollicitudin adipiscing ligula. Aenean gravida nunc sed pede. Cum sociis,2024-05-12 09:36:39,-85.6805615616,116.698169856
50,true,123.28,http://nytimes.com/fr,35,indigo,Calvin White,female,Fermentum Metus Aenean Corporation,nec@outlook.org,1-625-317-8750,"P.O. Box 370, 4360 Magna. Ave","Phasellus dolor elit, pellentesque a, facilisis non, bibendum sed, est.",2024-12-17 05:41:56,77.8571940864,-95.0631094272
51,false,161.72,https://cnn.com/sub,24,green,Dane Warner,female,Orci PC,fames.ac.turpis@protonmail.couk,1-671-417-8752,"Ap #497-9654 Eget, Av.",Nam consequat dolor vitae dolor. Donec fringilla. Donec feugiat metus,2025-08-15 09:41:47,-80.6642630656,84.5593450496
52,true,139.96,https://zoom.us/one,45,blue,Rana Austin,female,A Foundation,donec@yahoo.org,1-525-693-4572,2775 Dapibus Rd.,"dui. Cum sociis natoque penatibus et magnis dis parturient montes,",2024-01-07 04:35:00,-50.342970368,-50.0929422336
53,false,116.52,http://facebook.com/en-us,61,violet,Gray Briggs,male,Nulla Inc.,pede.nec.ante@outlook.net,(757) 753-8271,Ap #467-6747 Cum Road,"viverra. Donec tempus, lorem fringilla ornare placerat, orci lacus vestibulum",2025-01-24 16:52:08,-74.5395659776,161.9616821248
54,true,195.65,https://google.com/settings,46,blue,Adrian Downs,male,Donec Consectetuer Corp.,ornare@outlook.net,(284) 441-4076,Ap #886-5291 Faucibus Ave,dignissim pharetra. Nam ac nulla. In tincidunt congue turpis. In,2024-12-20 12:15:26,-81.223921152,109.9834524672
55,false,128.40,http://baidu.com/user/110,53,violet,Ann Mcdowell,male,Nibh Donec LLP,fringilla.ornare.placerat@protonmail.edu,(912) 225-2612,3929 Lorem Rd.,"ipsum dolor sit amet, consectetuer adipiscing elit. Etiam laoreet, libero",2024-07-26 02:02:52,48.4353309696,28.1351117824
56,false,120.42,http://facebook.com/one,56,orange,Hammett Clay,female,Nulla In Industries,erat.eget@icloud.org,(167) 677-8041,8042 Ipsum. Road,Phasellus ornare. Fusce mollis. Duis sit amet diam eu dolor,2024-12-13 10:11:49,-34.2164228096,32.3553499136
57,true,197.58,http://whatsapp.com/user/110,50,violet,Carolyn Christian,male,Ut Sem Nulla PC,fusce.mi@aol.couk,(327) 674-6364,Ap #482-305 Ac Road,urna et arcu imperdiet ullamcorper. Duis at lacus. Quisque purus,2024-08-19 21:29:29,87.660365824,-139.9935235072
58,false,127.42,http://naver.com/group/9,28,blue,Burton Rasmussen,female,Sit Amet Foundation,habitant.morbi@google.net,1-758-867-1514,243-5827 Egestas. St.,"venenatis a, magna. Lorem ipsum dolor sit amet, consectetuer adipiscing",2024-05-15 16:43:09,13.3277988864,-87.8226123776
59,false,107.83,https://wikipedia.org/sub,50,red,Reagan Barnes,female,Arcu Imperdiet Foundation,tortor.dictum.eu@aol.org,1-784-833-5372,123-3787 Eros Street,"quis massa. Mauris vestibulum, neque sed dictum eleifend, nunc risus",2024-08-03 10:07:52,-89.0364900352,-143.0895700992
60,true,174.75,https://naver.com/sub,32,orange,Vincent Wood,female,Sem Ut Dolor LLP,felis.adipiscing@google.com,1-682-523-0861,423-3309 Mauris St.,Praesent luctus. Curabitur egestas nunc sed libero. Proin sed turpis,2025-08-12 02:50:07,-75.9421984768,70.7617263616
61,false,130.84,http://google.com/one,69,indigo,Jerry Morgan,male,Velit Sed LLP,aliquam@outlook.net,(748) 477-4835,Ap #731-4484 Quisque Street,"Mauris vel turpis. Aliquam adipiscing lobortis risus. In mi pede,",2024-12-25 19:50:30,-8.2026492928,100.6451943424
62,false,130.27,https://google.com/settings,54,yellow,Dorian Martinez,female,Nec Tempus Mauris Corporation,auctor.nunc@google.com,1-852-331-2809,Ap #321-3565 Massa St.,"aliquet, metus urna convallis erat, eget tincidunt dui augue eu",2025-08-16 06:40:04,-9.9336628224,-71.2969788416
63,false,105.24,http://nytimes.com/en-us,33,green,Prescott Valdez,male,Quis Pede LLP,donec.felis.orci@outlook.com,1-327-996-5348,717-1629 Curabitur Ave,"Nunc sed orci lobortis augue scelerisque mollis. Phasellus libero mauris,",2025-05-12 23:48:28,-72.637349888,-4.2617014272
64,true,142.44,https://ebay.com/en-us,45,orange,Indira Cole,male,Mus Aenean Inc.,quisque@yahoo.couk,1-283-886-1649,203 Urna. Rd.,in lobortis tellus justo sit amet nulla. Donec non justo.,2024-11-25 02:28:53,-69.787849728,-36.4086903808
65,false,153.21,http://reddit.com/settings,24,blue,Carter Ramos,female,Cursus Et Ltd,metus.in.lorem@hotmail.couk,(466) 830-5737,6201 Accumsan Av.,"sociosqu ad litora torquent per conubia nostra, per inceptos hymenaeos.",2024-08-28 19:19:04,-16.5769582592,-136.6154324992
66,false,143.39,http://facebook.com/user/110,29,indigo,Omar Schneider,male,Eget Volutpat Ornare Industries,in.tempus@yahoo.org,1-431-837-4639,"548-1212 Posuere, Avenue","pretium et, rutrum non, hendrerit id, ante. Nunc mauris sapien,",2023-11-27 22:30:47,32.2133057536,97.6786049024
67,true,115.96,http://yahoo.com/fr,69,violet,Whoopi Hoover,male,Facilisi Sed Neque Ltd,curabitur@icloud.edu,1-244-346-5277,Ap #105-4353 Nam Ave,ornare tortor at risus. Nunc ac sem ut dolor dapibus,2024-08-31 12:26:53,10.5087854592,8.9143668736
68,true,159.72,https://guardian.co.uk/en-us,50,blue,Gannon Edwards,female,Et Incorporated,magna.malesuada@yahoo.net,(947) 581-6217,Ap #625-526 Curabitur Street,arcu. Sed eu nibh vulputate mauris sagittis placerat. Cras dictum,2024-06-06 18:00:34,29.1890136064,95.2242532352
69,false,186.48,https://guardian.co.uk/site,35,blue,Elvis Carroll,female,Laoreet Posuere Inc.,nulla.dignissim@google.com,1-254-571-7462,7134 Cursus Rd.,"dolor quam, elementum at, egestas a, scelerisque sed, sapien. Nunc",2024-07-21 23:27:26,59.9707549696,56.1141168128
70,true,176.92,https://instagram.com/one,44,indigo,Brynne Morales,male,Tincidunt Orci Quis Ltd,metus.sit.amet@outlook.couk,1-594-592-8358,878-2714 Sem Street,nibh vulputate mauris sagittis placerat. Cras dictum ultricies ligula. Nullam,2025-09-04 16:34:25,32.758459392,173.1209254912
71,true,176.79,https://bbc.co.uk/user/110,24,orange,Delilah Randolph,female,Sem Corp.,semper.cursus@protonmail.org,(853) 312-1163,524-379 Arcu St.,mauris sagittis placerat. Cras dictum ultricies ligula. Nullam enim. Sed,2024-08-03 07:53:17,-72.8891951104,-130.7722484736
72,true,138.53,https://bbc.co.uk/settings,68,orange,Elliott Bird,female,Libero Et Tristique Limited,nulla.eget@hotmail.com,1-633-849-3842,717-8406 Nullam St.,"facilisis facilisis, magna tellus faucibus leo, in lobortis tellus justo",2024-01-09 21:57:02,59.7388015616,84.7506935808
73,false,127.22,https://youtube.com/sub,45,yellow,Gillian Love,male,Eu Institute,hendrerit.consectetuer.cursus@hotmail.net,1-785-779-7497,"P.O. Box 688, 6645 Ultrices Road",vulputate velit eu sem. Pellentesque ut ipsum ac mi eleifend,2024-02-16 06:59:33,-34.921585664,-138.489878528
74,false,145.87,https://google.com/user/110,28,orange,Whilemina Beach,male,Integer LLP,libero@aol.couk,(688) 358-7323,938-3844 Massa. Ave,magna. Sed eu eros. Nam consequat dolor vitae dolor. Donec,2025-07-16 13:40:08,6.9334641664,76.6901551104
75,false,146.22,https://reddit.com/settings,66,blue,Shaine Stevenson,female,Faucibus Id Institute,nullam.nisl@outlook.ca,(357) 745-9420,412-9896 Neque. Avenue,"risus odio, auctor vitae, aliquet nec, imperdiet nec, leo. Morbi",2025-04-08 12:19:21,-22.43591936,79.8092550144
76,false,186.74,https://reddit.com/group/9,52,red,May Haley,female,Ultrices LLP,luctus@yahoo.couk,1-573-537-8366,669-8456 Consequat Rd.,velit. Quisque varius. Nam porttitor scelerisque neque. Nullam nisl. Maecenas,2025-08-19 14:51:38,26.2126384128,63.6032305152
77,true,176.26,https://naver.com/settings,34,green,Mira Mercer,male,Metus In Associates,mattis.semper.dui@protonmail.org,1-868-441-2338,Ap #639-8815 Mauris St.,eget ipsum. Suspendisse sagittis. Nullam vitae diam. Proin dolor. Nulla,2024-02-07 05:39:43,-32.864305664,46.6276230144
78,true,111.65,http://baidu.com/sub/cars,40,green,Allegra Hurley,male,Et Magnis Industries,parturient.montes@google.ca,1-291-446-5349,"P.O. Box 516, 3324 In, St.","molestie pharetra nibh. Aliquam ornare, libero at auctor ullamcorper, nisl",2025-02-05 01:50:36,40.3206457344,179.4705494016
79,false,190.94,http://netflix.com/user/110,43,violet,Clarke Frye,female,Dolor Limited,gravida@google.org,(780) 193-1742,777-3041 Proin Ave,ut nisi a odio semper cursus. Integer mollis. Integer tincidunt,2025-08-26 15:08:21,-75.1504256,156.5610561536
80,false,184.38,http://walmart.com/sub,68,yellow,Len Battle,female,Vitae Odio Sagittis Industries,curabitur.consequat.lectus@hotmail.org,(113) 474-3737,230-3778 Eu Av.,"tempus non, lacinia at, iaculis quis, pede. Praesent eu dui.",2025-04-14 16:14:35,-85.8348727296,-103.93702144
81,true,190.72,https://nytimes.com/en-us,24,orange,Fitzgerald Finley,male,Dui Cras Pellentesque LLP,eget.metus.in@icloud.com,1-549-317-6364,Ap #721-5883 Neque St.,luctus et ultrices posuere cubilia Curae Donec tincidunt. Donec vitae,2024-10-21 18:38:22,70.5317082112,-47.3347429376
82,true,194.25,https://youtube.com/one,51,blue,Xavier Barron,female,Sed Et Libero Incorporated,eu.enim@icloud.couk,(485) 123-6488,Ap #566-5525 Curae Avenue,"Aliquam tincidunt, nunc ac mattis ornare, lectus ante dictum mi,",2024-02-01 18:54:44,-6.9819875328,-55.860739072
83,true,164.52,http://cnn.com/fr,35,yellow,Garrison West,female,Vehicula Aliquet Incorporated,nulla@protonmail.couk,1-540-627-0828,Ap #420-8928 Vehicula. Rd.,nascetur ridiculus mus. Aenean eget magna. Suspendisse tristique neque venenatis,2025-07-18 08:44:43,-41.0512214016,-96.5496475648
84,false,180.81,http://baidu.com/sub/cars,62,indigo,Melinda George,male,Metus Facilisis Corporation,magna.et@icloud.couk,(524) 684-4670,168-3942 Ultrices St.,orci luctus et ultrices posuere cubilia Curae Donec tincidunt. Donec,2024-05-01 10:47:29,-21.2538645504,-43.0014652416
85,false,182.82,https://pinterest.com/group/9,44,yellow,Bevis Chapman,male,Aliquet Nec Limited,risus.donec.egestas@aol.org,1-275-475-5762,Ap #932-6715 Netus Av.,"massa lobortis ultrices. Vivamus rhoncus. Donec est. Nunc ullamcorper, velit",2025-07-16 16:53:10,40.3134024704,-24.5323113472
86,false,117.09,https://walmart.com/sub,31,green,Idola Daniel,male,Ultrices Mauris Limited,vel.pede.blandit@icloud.couk,1-634-385-1722,Ap #101-5850 Cras Ave,sit amet ultricies sem magna nec quam. Curabitur vel lectus.,2024-05-13 18:15:08,62.654687232,58.8720897024
87,false,134.66,https://guardian.co.uk/fr,36,indigo,Jescie Hinton,female,A Felis Corporation,ultricies.adipiscing.enim@outlook.net,(279) 438-4652,620-7732 Integer Rd.,"sapien. Aenean massa. Integer vitae nibh. Donec est mauris, rhoncus",2025-08-14 08:57:28,1.404725248,62.0216638464
88,false,198.19,https://guardian.co.uk/one,65,green,Xander Hendrix,female,Libero Incorporated,quis.accumsan@hotmail.ca,(380) 674-1751,Ap #485-4066 Enim. Av.,"enim. Nunc ut erat. Sed nunc est, mollis non, cursus",2024-08-17 16:02:51,55.94017024,133.08557824
89,false,110.75,https://yahoo.com/settings,40,violet,Rosalyn Cannon,female,Faucibus Id Corporation,cursus.vestibulum.mauris@outlook.edu,(625) 954-7478,"P.O. Box 129, 4202 Est, Av.",ac nulla. In tincidunt congue turpis. In condimentum. Donec at,2025-06-12 22:22:18,80.967261696,66.7191343104
90,false,135.95,https://walmart.com/sub/cars,28,yellow,Daquan Dean,male,Nam Ac Institute,adipiscing.fringilla@yahoo.couk,1-815-874-3786,3586 Accumsan Rd.,"eleifend egestas. Sed pharetra, felis eget varius ultrices, mauris ipsum",2024-03-09 04:08:28,53.9594914816,-169.1904662528
91,true,110.55,https://naver.com/one,61,violet,Harrison Barlow,male,Libero Morbi Institute,vivamus.euismod.urna@outlook.edu,(262) 217-3873,Ap #688-2053 Dui. Av.,Duis ac arcu. Nunc mauris. Morbi non sapien molestie orci,2023-12-15 22:12:16,21.8513201152,-41.8047388672
92,false,182.54,https://instagram.com/settings,27,indigo,Preston Blackwell,female,Mollis Lectus Pede Consulting,et.risus@google.net,(325) 452-2792,Ap #127-9232 Rutrum. Rd.,"leo, in lobortis tellus justo sit amet nulla. Donec non",2025-02-14 04:30:09,8.1320170496,-143.2021542912
93,false,123.23,http://ebay.com/user/110,69,green,Brenden Durham,male,Est Ac Associates,dui.cras@outlook.net,1-946-350-5316,933-9347 Cursus Road,"ipsum leo elementum sem, vitae aliquam eros turpis non enim.",2025-05-14 12:39:35,27.8818461696,121.9149149184
94,false,187.45,http://twitter.com/en-ca,21,violet,Lucas Hampton,female,Dui Augue Inc.,eget.laoreet.posuere@aol.com,(344) 922-1188,"310-9114 Vitae, Ave","ornare, libero at auctor ullamcorper, nisl arcu iaculis enim, sit",2025-04-16 13:21:09,-79.6826684416,-119.156515328
95,true,128.93,http://netflix.com/sub/cars,26,yellow,Leah Jarvis,male,Sodales Purus Foundation,ut.nulla.cras@aol.ca,(822) 628-8694,"P.O. Box 261, 1909 Libero Street",eget ipsum. Suspendisse sagittis. Nullam vitae diam. Proin dolor. Nulla,2025-01-15 02:31:35,58.328968704,-95.6057836544
96,true,113.21,https://facebook.com/sub/cars,35,yellow,Whilemina Nguyen,female,Elit Dictum Ltd,blandit@protonmail.edu,1-655-769-4473,"P.O. Box 138, 8880 Feugiat St.",velit eu sem. Pellentesque ut ipsum ac mi eleifend egestas.,2024-06-04 07:04:27,-73.1065901056,66.4061541376
97,false,129.29,https://pinterest.com/settings,61,red,Violet Ramos,male,Ut Consulting,in.condimentum@icloud.net,(822) 756-4122,3848 Duis Ave,"nec, malesuada ut, sem. Nulla interdum. Curabitur dictum. Phasellus in",2023-12-21 17:51:43,50.0558925824,-121.8481913856
98,false,157.82,http://wikipedia.org/user/110,34,indigo,Elmo Gilbert,female,Dictum Limited,scelerisque@aol.edu,1-161-859-5312,159-153 Molestie Street,"a feugiat tellus lorem eu metus. In lorem. Donec elementum,",2024-09-09 08:47:13,-80.6658291712,-141.0832823296
99,true,150.04,https://google.com/sub/cars,57,green,MacKensie Jacobson,female,Lacinia Associates,aptent.taciti@aol.org,1-276-355-9578,"Ap #923-2237 Eget, Street",aliquet. Phasellus fermentum convallis ligula. Donec luctus aliquet odio. Etiam,2024-08-30 20:04:21,-82.3969221632,101.6705209344
100,false,163.19,https://yahoo.com/en-ca,61,blue,Hayfa Meyers,male,Egestas Inc.,ornare.sagittis.felis@icloud.org,1-861-709-2063,"P.O. Box 335, 1022 Orci, Street",Sed neque. Sed eget lacus. Mauris non dui nec urna,2024-05-02 06:44:23,-9.7735901184,-98.8720816128
101,false,127.41,http://youtube.com/group/9,46,orange,Oliver Cruz,female,Odio Sagittis Semper Corp.,libero.mauris@protonmail.edu,1-643-687-2465,221-266 Venenatis Ave,"malesuada augue ut lacus. Nulla tincidunt, neque vitae semper egestas,",2024-10-17 11:17:26,21.2786686976,-155.9223583744
102,false,171.25,https://facebook.com/user/110,61,blue,Lareina Cox,male,Morbi Metus Limited,blandit.nam.nulla@hotmail.couk,(256) 557-0779,478 Cursus Avenue,tortor. Integer aliquam adipiscing lacus. Ut nec urna et arcu,2024-09-18 15:17:01,0.4774345728,105.8193835008
103,true,150.18,http://walmart.com/sub/cars,37,green,Kelsie Abbott,female,Nullam LLP,tempus@protonmail.couk,(424) 712-9543,"459-1311 Nec, Ave",fermentum arcu. Vestibulum ante ipsum primis in faucibus orci luctus,2024-08-12 14:35:18,29.6493933568,70.8188935168
104,true,170.91,https://youtube.com/one,53,orange,Kirsten Saunders,male,Rutrum Inc.,metus@hotmail.edu,1-280-846-7018,"780-9433 Vitae, Street","ut ipsum ac mi eleifend egestas. Sed pharetra, felis eget",2023-11-06 14:46:22,83.5691341824,-19.3388895232
105,false,151.40,http://naver.com/fr,36,yellow,Matthew Roy,female,Nam Porttitor PC,enim@hotmail.com,1-516-675-4438,Ap #339-152 Laoreet Ave,Nullam nisl. Maecenas malesuada fringilla est. Mauris eu turpis. Nulla,2025-05-29 05:00:52,-67.3904662528,-93.8732627968
106,false,184.08,https://ebay.com/fr,34,violet,Xaviera Andrews,male,Quisque Nonummy Ltd,magna@outlook.couk,1-543-167-1430,"P.O. Box 242, 1006 Ultrices St.","natoque penatibus et magnis dis parturient montes, nascetur ridiculus mus.",2023-11-03 17:24:38,-12.5160573952,-169.485640704
107,false,135.41,http://yahoo.com/en-ca,66,orange,Harriet Lancaster,female,Sagittis Duis LLP,id.magna.et@icloud.net,(768) 755-6590,769-1444 Maecenas Street,Pellentesque ultricies dignissim lacus. Aliquam rutrum lorem ac risus. Morbi,2025-06-30 19:51:46,-28.2506509312,-63.7610432512
108,false,120.53,https://ebay.com/group/9,65,orange,Octavius Wall,male,Et Ultrices Industries,viverra.maecenas.iaculis@protonmail.edu,1-956-514-3738,725-7855 Sem Avenue,"adipiscing lobortis risus. In mi pede, nonummy ut, molestie in,",2024-08-17 06:12:27,80.9567706112,31.1252210688
109,false,174.20,https://bbc.co.uk/group/9,61,red,Venus Moody,female,Dui Fusce Limited,malesuada.fames@aol.couk,1-376-642-2052,"6463 Aliquam, St.","Morbi neque tellus, imperdiet non, vestibulum nec, euismod in, dolor.",2024-07-09 01:20:08,52.328153088,-51.6892563456
110,false,140.19,http://youtube.com/fr,33,orange,Madeson Jordan,female,Arcu Vestibulum Company,curae@google.ca,1-227-495-3438,Ap #873-441 Nulla Av.,ridiculus mus. Proin vel arcu eu odio tristique pharetra. Quisque,2024-04-29 00:13:26,-78.24451072,-100.7549520896
111,false,178.88,http://guardian.co.uk/settings,28,green,Baxter Osborn,male,Semper Tellus Industries,sed.eu@icloud.couk,(256) 641-0042,973-7829 Interdum. Road,"eleifend, nunc risus varius orci, in consequat enim diam vel",2025-05-29 20:24:33,-86.7231736832,87.1690251264
112,false,113.60,https://yahoo.com/en-us,59,indigo,Remedios Lester,female,Rutrum Fusce Dolor Incorporated,ante@protonmail.net,(356) 131-1142,3787 Erat. St.,"ante. Maecenas mi felis, adipiscing fringilla, porttitor vulputate, posuere vulputate,",2024-03-14 06:49:41,2.8871778304,26.809029632
113,false,116.17,http://wikipedia.org/group/9,44,violet,Cyrus Molina,male,Porttitor Scelerisque Institute,nunc@hotmail.org,1-680-350-6662,676-9119 Velit. St.,"felis purus ac tellus. Suspendisse sed dolor. Fusce mi lorem,",2024-03-09 14:33:40,53.2833021952,163.9235976192
114,false,131.73,https://bbc.co.uk/group/9,63,violet,Sonya Garza,female,Est Nunc Limited,bibendum.sed.est@hotmail.org,1-428-641-2897,"3628 Dui, St.","cursus et, eros. Proin ultrices. Duis volutpat nunc sit amet",2025-01-26 16:53:47,-78.7077458944,52.5376620544
115,false,142.47,http://guardian.co.uk/en-ca,65,yellow,Whitney Hardin,female,Ornare Placerat Orci Corporation,magnis.dis@yahoo.com,(821) 177-5715,Ap #644-2190 Ligula. Ave,"a feugiat tellus lorem eu metus. In lorem. Donec elementum,",2024-09-02 07:28:27,-24.8164004864,40.6753947648
116,true,191.73,https://google.com/user/110,52,blue,Nadine Newman,female,Consequat Dolor Ltd,tempor.bibendum.donec@protonmail.edu,(818) 795-2338,2677 Aptent Avenue,"Cras dictum ultricies ligula. Nullam enim. Sed nulla ante, iaculis",2025-08-09 09:20:58,49.07292416,73.620754944
117,true,120.82,https://instagram.com/settings,31,violet,Kessie Gonzales,male,Ornare LLC,ultrices.sit.amet@hotmail.com,1-686-513-1647,785-8563 Quam Rd.,"condimentum eget, volutpat ornare, facilisis eget, ipsum. Donec sollicitudin adipiscing",2025-01-11 14:40:48,57.5059738624,123.6391795712
118,false,184.28,http://youtube.com/sub/cars,59,green,Uta Anthony,male,Dolor Fusce Corporation,imperdiet.nec.leo@outlook.org,1-409-478-5847,1988 Ligula Avenue,"feugiat. Lorem ipsum dolor sit amet, consectetuer adipiscing elit. Aliquam",2024-03-03 12:31:32,-75.1250036736,116.610563072
119,true,102.83,https://yahoo.com/settings,30,yellow,Charlotte Silva,male,Est Vitae Foundation,sapien.aenean.massa@outlook.ca,1-638-945-4432,"P.O. Box 381, 5207 Euismod St.","neque sed dictum eleifend, nunc risus varius orci, in consequat",2025-04-21 07:25:58,42.2339232768,8.2100022272
120,false,144.96,https://youtube.com/user/110,68,green,Uriah Quinn,female,Cursus A Enim PC,semper.auctor@outlook.com,(626) 749-4867,5218 Quis Rd.,eget ipsum. Suspendisse sagittis. Nullam vitae diam. Proin dolor. Nulla,2024-04-01 03:38:45,-27.18679808,84.2568285184
121,true,120.68,http://youtube.com/user/110,21,red,Raphael Weeks,male,Adipiscing Mauris Molestie Associates,consectetuer.rhoncus.nullam@hotmail.ca,(746) 810-0808,328-9962 Pellentesque Rd.,interdum ligula eu enim. Etiam imperdiet dictum magna. Ut tincidunt,2025-10-24 13:36:23,-68.1615401984,45.1733788672
122,false,164.32,https://guardian.co.uk/sub,21,red,Gregory Rodriguez,female,Conubia Associates,cursus.purus@hotmail.couk,(491) 602-4772,Ap #717-8148 Proin Rd.,feugiat placerat velit. Quisque varius. Nam porttitor scelerisque neque. Nullam,2025-08-30 06:12:22,-58.9802832896,-71.7348109312
123,true,194.86,https://nytimes.com/sub,62,indigo,Chester Hodges,male,Mi Industries,nec@hotmail.couk,(498) 727-5111,283-3963 Blandit Street,velit. Pellentesque ultricies dignissim lacus. Aliquam rutrum lorem ac risus.,2024-10-29 05:11:07,-41.161069056,-162.8599538688
124,true,171.32,http://instagram.com/sub,60,blue,Wang Patrick,male,Sapien Corporation,amet.risus@protonmail.net,(758) 769-5669,792 Nulla Av.,"lacinia. Sed congue, elit sed consequat auctor, nunc nulla vulputate",2024-06-04 17:30:41,47.4409505792,-145.9210606592
125,true,193.68,http://guardian.co.uk/user/110,35,yellow,Hamilton Griffin,female,Enim Mauris Associates,proin.eget.odio@outlook.edu,1-899-445-4442,9002 Malesuada Avenue,et malesuada fames ac turpis egestas. Aliquam fringilla cursus purus.,2025-03-16 23:12:02,4.56647936,17.099922432
126,true,116.71,https://yahoo.com/site,47,blue,Olivia Church,male,Erat Vivamus Nisi Ltd,at.sem@google.ca,(749) 387-7344,232-8999 Lobortis Rd.,"commodo at, libero. Morbi accumsan laoreet ipsum. Curabitur consequat, lectus",2025-05-30 08:54:31,86.3339983872,37.7100529664
127,false,131.12,https://pinterest.com/site,38,blue,Daria Chen,male,Ac Mattis PC,arcu@protonmail.org,1-747-828-1244,"9395 Non, Ave","egestas rhoncus. Proin nisl sem, consequat nec, mollis vitae, posuere",2025-08-20 19:55:52,71.5023176704,25.3939073024
128,false,185.22,http://bbc.co.uk/user/110,29,indigo,Nash Ochoa,female,Curabitur LLC,eleifend.nec@aol.ca,1-941-529-5021,223-1790 Donec Street,"leo elementum sem, vitae aliquam eros turpis non enim. Mauris",2025-09-08 22:42:33,-11.6821554176,100.2641584128
129,false,194.11,http://youtube.com/settings,58,yellow,Josiah Poole,male,Dolor Dolor Tempus Corporation,id.erat@outlook.com,(874) 735-7744,Ap #617-9765 Auctor St.,"In mi pede, nonummy ut, molestie in, tempus eu, ligula.",2025-09-13 17:08:25,59.3366305792,-118.9439963136
130,false,104.66,https://nytimes.com/site,62,orange,Keegan Lowery,female,Mattis Semper Dui Ltd,dolor@aol.couk,(260) 912-9315,6784 Ornare St.,"pretium et, rutrum non, hendrerit id, ante. Nunc mauris sapien,",2023-11-05 08:56:47,-86.390455296,19.3371236352
131,false,139.90,https://walmart.com/fr,21,indigo,Sheila Keith,female,Tristique Ac PC,morbi.tristique@icloud.org,1-689-382-2105,"P.O. Box 324, 4372 Mauris Street","lorem, auctor quis, tristique ac, eleifend vitae, erat. Vivamus nisi.",2025-08-30 03:59:28,-55.960434688,109.64228608
132,true,174.70,http://reddit.com/en-us,21,violet,Kristen Boyer,male,Vitae Sodales Nisi Inc.,quis.pede.suspendisse@google.com,(654) 660-5933,"P.O. Box 951, 6870 Magnis Street","sem, vitae aliquam eros turpis non enim. Mauris quis turpis",2025-01-06 18:42:52,-1.4670716928,102.56589056
133,false,162.23,http://guardian.co.uk/site,57,violet,Fitzgerald Owens,female,Dui Industries,lacinia@yahoo.net,(526) 378-3253,"P.O. Box 227, 5302 Euismod Street",non sapien molestie orci tincidunt adipiscing. Mauris molestie pharetra nibh.,2024-10-08 16:36:52,-15.279453184,150.9467964416
134,true,180.79,https://zoom.us/en-ca,51,violet,Fuller Noble,female,Cum Foundation,consequat@aol.org,(244) 863-2881,768-6525 Parturient Street,"sem semper erat, in consectetuer ipsum nunc id enim. Curabitur",2023-11-23 08:05:11,66.33472768,-94.5727140864
135,false,176.93,http://nytimes.com/sub,50,yellow,Joseph Landry,female,Eu Associates,dis.parturient@aol.couk,(436) 540-5218,358-3039 Sapien St.,"id, mollis nec, cursus a, enim. Suspendisse aliquet, sem ut",2025-07-29 06:06:15,-88.0135800832,-174.3750755328
136,false,187.75,http://whatsapp.com/user/110,26,yellow,Elliott Silva,female,Parturient PC,rhoncus@google.edu,1-832-585-5223,Ap #628-3577 Ac Ave,"Suspendisse ac metus vitae velit egestas lacinia. Sed congue, elit",2025-08-15 11:10:53,32.2520544256,-124.3765409792
137,false,184.85,https://naver.com/user/110,59,red,Angela Raymond,male,Tempus Scelerisque Consulting,mi.lacinia@google.edu,(385) 653-7308,"Ap #527-7609 Nec, Rd.",diam luctus lobortis. Class aptent taciti sociosqu ad litora torquent,2024-04-10 01:48:17,50.938974208,142.2658271232
138,false,104.42,http://netflix.com/sub,47,indigo,Gillian Sanders,male,Vestibulum Ut Ltd,sed.dictum@hotmail.org,1-893-866-2641,Ap #484-3728 Luctus St.,arcu. Nunc mauris. Morbi non sapien molestie orci tincidunt adipiscing.,2024-06-30 06:39:25,-63.2929436672,37.6799019008
139,false,160.56,https://youtube.com/sub,42,red,Lana Salinas,male,In Faucibus Orci Industries,id.libero@protonmail.org,1-914-122-5901,2461 Ridiculus Rd.,"dolor, tempus non, lacinia at, iaculis quis, pede. Praesent eu",2025-07-27 06:34:00,7.953204736,33.5251890176
140,true,135.22,https://bbc.co.uk/fr,69,orange,Nicole Mcleod,male,Magna Sed Ltd,feugiat.lorem@yahoo.com,(559) 204-7715,245-7626 Facilisis Rd.,ridiculus mus. Proin vel arcu eu odio tristique pharetra. Quisque,2024-11-05 13:02:26,-52.0774878208,168.1806135296
141,false,121.52,https://instagram.com/site,29,indigo,Cameron Buckner,female,At Augue Id Incorporated,bibendum.sed@aol.edu,1-305-268-7377,Ap #427-7276 Est. Rd.,"eget, dictum placerat, augue. Sed molestie. Sed id risus quis",2024-02-17 14:00:00,13.0814190592,101.6097025024
142,true,113.81,https://facebook.com/settings,68,green,Mark Vaughan,male,Aliquam Limited,dignissim@hotmail.com,(875) 439-8256,"800-4890 Sed, St.",urna. Vivamus molestie dapibus ligula. Aliquam erat volutpat. Nulla dignissim.,2024-01-05 12:43:55,-4.9792284672,108.0303448064
143,true,141.48,http://twitter.com/en-ca,27,blue,Grace Fuller,male,Nec Tempus Limited,vel.convallis@google.com,(758) 284-4404,663-4568 Mus. Avenue,"dictum eu, placerat eget, venenatis a, magna. Lorem ipsum dolor",2025-08-06 19:12:40,-78.0212621312,-154.3113550848
144,true,189.87,https://ebay.com/sub/cars,64,orange,Paula Lowery,male,Sit Amet LLP,integer@aol.edu,1-965-137-1226,"P.O. Box 490, 9982 Vitae, Av.","mi fringilla mi lacinia mattis. Integer eu lacus. Quisque imperdiet,",2025-08-03 11:39:09,-41.5910350848,73.4620092416
145,true,169.68,https://baidu.com/sub/cars,32,red,Phelan Contreras,female,Hendrerit Donec Industries,et.ultrices@yahoo.couk,1-257-166-6302,"Ap #281-6791 Ornare, Rd.","et magnis dis parturient montes, nascetur ridiculus mus. Aenean eget",2025-10-13 10:36:42,-9.1247781888,86.8646255616
146,false,159.99,https://netflix.com/en-us,19,yellow,Ian Hogan,female,Amet Consectetuer Limited,aliquam.ornare.libero@outlook.ca,1-629-157-8845,420-8232 Volutpat Rd.,Vivamus nisi. Mauris nulla. Integer urna. Vivamus molestie dapibus ligula.,2025-08-23 07:09:15,-13.2313662464,-93.6630422528
147,true,154.99,http://zoom.us/en-us,59,violet,Irene Mendez,male,Sem Ltd,urna@icloud.ca,1-302-682-5865,"391-3173 Vel, Road","elementum, dui quis accumsan convallis, ante lectus convallis est, vitae",2024-12-07 13:58:07,24.4677746688,22.2713498624
148,true,113.26,https://youtube.com/site,34,green,Brendan Mclaughlin,male,Eget Ipsum Limited,iaculis.lacus@google.couk,1-321-738-7384,7575 Mi St.,"turpis. Aliquam adipiscing lobortis risus. In mi pede, nonummy ut,",2024-06-28 01:39:29,24.4000888832,-46.8149992448
149,true,128.19,https://zoom.us/sub/cars,42,violet,Lillith Pena,female,Amet Ornare Inc.,facilisis.non@icloud.net,1-675-124-2994,550-8790 Litora Ave,"rhoncus. Donec est. Nunc ullamcorper, velit in aliquet lobortis, nisi",2025-06-05 03:17:04,-6.4879944704,-54.266820096
150,false,187.35,http://google.com/one,24,violet,Conan Mcneil,male,Nonummy Ipsum Limited,at.libero.morbi@yahoo.com,(372) 465-7923,Ap #804-9433 Vestibulum Av.,"tristique pellentesque, tellus sem mollis dui, in sodales elit erat",2024-03-15 20:01:47,-36.4517056512,-175.2458773504
151,true,180.73,https://whatsapp.com/sub,67,green,Lewis Humphrey,male,Cursus Diam PC,ligula.elit@google.edu,1-458-762-5503,Ap #187-9815 Velit. St.,"leo elementum sem, vitae aliquam eros turpis non enim. Mauris",2025-10-22 02:32:48,-35.5274461184,-7.9284294656
152,true,171.28,https://nytimes.com/site,44,red,Tarik Browning,male,Volutpat Nulla Limited,natoque@aol.net,(494) 557-6137,606-1066 Cras St.,Vestibulum accumsan neque et nunc. Quisque ornare tortor at risus.,2025-01-03 21:00:41,-88.1193378816,153.7664330752
153,false,136.80,https://google.com/one,35,orange,Chaney Peters,male,Sed Nunc Est LLC,dignissim.tempor@google.edu,1-194-357-4539,"P.O. Box 123, 9692 Sit St.","eu, odio. Phasellus at augue id ante dictum cursus. Nunc",2023-11-24 04:34:00,64.3218013184,97.3480918016
154,false,100.42,https://zoom.us/site,21,violet,Nolan Noel,male,Eget Company,pharetra@outlook.net,(398) 145-7483,Ap #263-7753 Iaculis Av.,"lacus. Nulla tincidunt, neque vitae semper egestas, urna justo faucibus",2024-10-05 09:58:30,45.7101817856,125.8327616512
155,false,141.32,http://zoom.us/sub,28,green,Burke Rosario,female,Ipsum Curabitur Consequat Limited,at.fringilla@icloud.org,(671) 891-7678,6821 Phasellus Street,eu tellus eu augue porttitor interdum. Sed auctor odio a,2025-05-13 15:41:16,47.6722281472,32.3357913088
156,false,153.63,http://pinterest.com/sub/cars,36,blue,Clinton Wilkinson,female,Consectetuer Institute,sit@google.couk,1-447-548-8838,"Ap #284-3287 Orci, Av.",pede. Praesent eu dui. Cum sociis natoque penatibus et magnis,2025-07-30 19:03:17,-88.1734941696,19.5791430656
157,false,195.98,http://whatsapp.com/user/110,35,orange,Shelly Hyde,female,Sem Corp.,duis.cursus@google.org,(834) 323-8660,Ap #307-579 Sem Ave,"diam. Sed diam lorem, auctor quis, tristique ac, eleifend vitae,",2025-01-30 08:28:56,-25.201245696,157.0517597184
158,true,153.26,http://wikipedia.org/group/9,41,red,Mariam Mason,female,Donec Non Limited,convallis@protonmail.ca,1-374-768-0926,Ap #639-4808 Dolor St.,"nec enim. Nunc ut erat. Sed nunc est, mollis non,",2023-11-28 01:52:05,-43.6179339264,-148.8961292288
159,true,133.97,http://whatsapp.com/settings,46,blue,Skyler Howard,male,Sed LLC,consequat@icloud.net,1-504-431-3862,Ap #883-6291 Iaculis Av.,arcu. Vestibulum ut eros non enim commodo hendrerit. Donec porttitor,2024-03-16 05:54:49,58.3910147072,92.2024162304
160,false,152.44,http://youtube.com/site,48,blue,Caleb Strickland,female,Magna Sed Foundation,torquent.per.conubia@yahoo.com,1-673-430-6203,1256 Sed Av.,orci luctus et ultrices posuere cubilia Curae Phasellus ornare. Fusce,2024-01-26 15:56:21,67.0006972416,74.38931456
161,true,124.82,http://twitter.com/sub,50,violet,Aileen Welch,female,Phasellus Nulla Integer Limited,eu.tempor.erat@google.net,1-634-642-3774,3082 Dictum Rd.,"eu, eleifend nec, malesuada ut, sem. Nulla interdum. Curabitur dictum.",2025-09-12 01:48:28,-65.9692101632,177.347954688
162,true,181.69,http://guardian.co.uk/user/110,67,orange,Palmer Dalton,female,At Risus Institute,mi.tempor@hotmail.couk,(402) 536-0612,Ap #146-8418 Morbi Road,nec quam. Curabitur vel lectus. Cum sociis natoque penatibus et,2024-10-26 00:12:27,88.650787328,150.4217970688
163,true,157.61,https://google.com/group/9,51,orange,Flavia Washington,female,Non Ante Corp.,turpis@protonmail.couk,1-112-361-8823,"P.O. Box 454, 4689 Eget Ave",tempus mauris erat eget ipsum. Suspendisse sagittis. Nullam vitae diam.,2023-12-25 04:55:33,0.4104333312,38.5026143232
164,true,125.76,https://netflix.com/one,38,indigo,Chava Pace,male,At Sem Associates,erat.eget@google.ca,1-507-406-1876,973-9343 Fermentum Rd.,enim. Mauris quis turpis vitae purus gravida sagittis. Duis gravida.,2025-10-10 02:35:09,58.000190464,3.064275456
165,false,139.80,http://wikipedia.org/settings,30,violet,Katell Dean,female,Nunc Ac Associates,aliquam@icloud.couk,(426) 494-4322,Ap #440-935 Nibh Ave,convallis dolor. Quisque tincidunt pede ac urna. Ut tincidunt vehicula,2024-05-25 23:52:24,-33.3677315072,143.4062239744
166,false,162.43,https://reddit.com/user/110,41,violet,Brenden Norris,female,Nec Euismod LLP,luctus@outlook.ca,1-772-445-1152,"P.O. Box 696, 5026 Scelerisque Ave","sit amet, consectetuer adipiscing elit. Aliquam auctor, velit eget laoreet",2024-11-07 05:27:49,22.7025406976,-35.591234048
167,true,193.78,https://guardian.co.uk/sub/cars,28,blue,Kevin Greene,male,Ac Incorporated,urna.nullam@yahoo.ca,(176) 541-4598,122-1734 Ligula Av.,"Quisque libero lacus, varius et, euismod et, commodo at, libero.",2025-04-25 10:46:17,-6.7989559296,116.244096
168,true,100.96,http://netflix.com/sub/cars,51,violet,Herrod Wells,male,Nec LLC,sed.tortor.integer@google.edu,1-855-539-6276,Ap #621-7560 Quam. Road,Fusce fermentum fermentum arcu. Vestibulum ante ipsum primis in faucibus,2024-06-03 05:12:28,-66.5481694208,155.041341952
169,false,117.19,http://whatsapp.com/site,37,red,Ian Cherry,female,Lacus Cras Interdum Foundation,enim.suspendisse.aliquet@protonmail.org,(410) 841-3617,"140-6970 Amet, Rd.",Nunc commodo auctor velit. Aliquam nisl. Nulla eu neque pellentesque,2024-08-09 14:21:50,0.006164992,-11.8049339392
170,false,151.85,http://nytimes.com/en-us,66,red,Jerome Bonner,female,Dui Fusce Industries,duis.a@yahoo.couk,(356) 346-6165,"P.O. Box 916, 6323 Consequat St.",nulla at sem molestie sodales. Mauris blandit enim consequat purus.,2025-05-30 17:00:52,29.6001799168,-109.70239488
171,false,174.78,http://cnn.com/en-us,44,yellow,Erasmus Wiggins,female,Tristique Pellentesque Corporation,sapien@google.org,(548) 772-1148,411-387 Eu Ave,vitae purus gravida sagittis. Duis gravida. Praesent eu nulla at,2024-06-30 14:28:40,50.1359444992,-105.0768571392
172,true,166.30,https://yahoo.com/user/110,28,indigo,Sasha Morgan,male,Varius Nam Incorporated,tortor.integer@protonmail.net,1-826-451-9514,348-9615 Lorem Rd.,Duis volutpat nunc sit amet metus. Aliquam erat volutpat. Nulla,2024-07-08 06:19:21,14.6914758656,-166.747670528
173,false,104.89,https://facebook.com/en-ca,20,green,Hedy Stafford,female,Duis LLC,risus.varius@icloud.couk,1-849-571-4462,"Ap #296-7530 A, Rd.",malesuada fames ac turpis egestas. Fusce aliquet magna a neque.,2025-09-09 14:47:03,-33.4483736576,54.4484996096
174,false,182.20,http://wikipedia.org/en-us,68,red,Forrest Hardin,female,Donec Felis Orci Associates,molestie.pharetra.nibh@protonmail.couk,(342) 300-6563,6271 Sit Street,nunc. In at pede. Cras vulputate velit eu sem. Pellentesque,2024-08-19 05:38:42,12.7070702592,-52.9347710976
175,true,190.71,https://google.com/settings,36,orange,Fitzgerald Reynolds,male,Eu Dolor Egestas Incorporated,eu.enim.etiam@protonmail.com,1-422-487-4364,1503 Nisi Ave,euismod enim. Etiam gravida molestie arcu. Sed eu nibh vulputate,2025-04-10 05:04:17,-18.5087296512,-122.7498540032
176,false,103.20,https://zoom.us/settings,36,violet,Ayanna Banks,male,Aliquam Gravida Mauris Foundation,cum.sociis@protonmail.org,(396) 726-1216,"1930 Ullamcorper, Av.",lobortis. Class aptent taciti sociosqu ad litora torquent per conubia,2024-12-28 19:32:07,-33.666763264,146.0841588736
177,false,110.37,https://walmart.com/en-us,60,green,Leilani Howard,female,Fermentum Institute,nec.ligula.consectetuer@aol.ca,(819) 874-8577,8734 Semper Avenue,"est ac facilisis facilisis, magna tellus faucibus leo, in lobortis",2024-02-04 20:06:35,-63.5163065344,-6.5335297024
178,true,173.89,https://pinterest.com/user/110,67,violet,Cole Cohen,male,Tellus Non Institute,diam.vel@yahoo.ca,(680) 312-4223,908-8562 Et Av.,"ligula elit, pretium et, rutrum non, hendrerit id, ante. Nunc",2025-06-06 19:24:39,27.1037858816,-86.743213568
179,true,134.54,http://walmart.com/user/110,41,orange,Iola Warren,male,Nisi Sem LLC,fusce.mollis@yahoo.ca,(335) 687-1814,"5029 Fringilla, Ave","Nulla facilisis. Suspendisse commodo tincidunt nibh. Phasellus nulla. Integer vulputate,",2024-11-28 15:21:45,-28.3741728768,73.8345035776
180,false,151.48,https://cnn.com/fr,66,red,Vincent Park,female,Nam LLP,vehicula.risus@protonmail.org,1-268-665-2515,696-5242 Nullam Rd.,sit amet ante. Vivamus non lorem vitae odio sagittis semper.,2025-03-01 15:26:23,54.7054162944,93.716672
181,false,108.16,http://naver.com/settings,37,violet,Bryar Lynn,female,Magna Suspendisse Tristique Company,sed.eu@yahoo.net,(276) 983-2622,Ap #932-9099 Nunc Rd.,Mauris ut quam vel sapien imperdiet ornare. In faucibus. Morbi,2024-06-04 09:31:54,14.1245471744,65.7599961088
182,false,176.07,http://nytimes.com/en-us,55,indigo,Alea Hurley,male,Phasellus Limited,donec@icloud.ca,(547) 837-2158,"841-8763 A, Rd.",consectetuer ipsum nunc id enim. Curabitur massa. Vestibulum accumsan neque,2024-05-07 14:19:30,-20.9914108928,134.8137076736
183,true,167.62,http://naver.com/en-ca,49,indigo,Jelani Cantu,female,Ut Dolor LLP,pellentesque@google.com,(973) 827-9722,Ap #818-4826 Suspendisse Rd.,mauris blandit mattis. Cras eget nisi dictum augue malesuada malesuada.,2024-06-22 20:20:58,-33.5999050752,-120.5596884992
184,false,165.53,https://pinterest.com/site,26,orange,Hamish Cohen,female,Rutrum Corp.,felis.ullamcorper@icloud.couk,(861) 328-7894,275-239 Ut Avenue,"egestas lacinia. Sed congue, elit sed consequat auctor, nunc nulla",2024-12-03 22:51:34,62.3047035904,-117.5741012992
185,false,152.15,http://guardian.co.uk/user/110,27,blue,Harper Bender,male,Fusce Mollis Ltd,id.enim@outlook.edu,(992) 830-7406,Ap #369-6583 Phasellus Avenue,orci luctus et ultrices posuere cubilia Curae Phasellus ornare. Fusce,2025-01-23 16:06:45,65.3460178944,162.7880721408
186,false,116.20,https://guardian.co.uk/sub/cars,40,blue,Keane Hodge,male,Consectetuer Ipsum Limited,ac.urna@protonmail.couk,1-335-644-4122,976-8709 Orci. St.,"aliquet odio. Etiam ligula tortor, dictum eu, placerat eget, venenatis",2024-04-14 15:35:29,-36.3989198848,-16.227287552
187,false,120.96,http://instagram.com/user/110,42,violet,Hedda Tyler,female,Et Inc.,donec.non@icloud.edu,(411) 245-5753,Ap #757-6235 Fermentum St.,"Donec felis orci, adipiscing non, luctus sit amet, faucibus ut,",2023-11-15 01:50:44,38.8970852352,-149.0332389376
188,false,110.08,http://walmart.com/site,22,yellow,Yael Johnson,male,Iaculis Lacus Consulting,nam.ligula.elit@outlook.couk,1-561-103-8845,"P.O. Box 743, 1124 Tellus Rd.","ipsum dolor sit amet, consectetuer adipiscing elit. Aliquam auctor, velit",2025-10-21 11:46:42,13.1030889472,-15.3550696448
189,false,188.29,http://twitter.com/sub,30,indigo,Lee Coleman,female,Pharetra PC,dolor.fusce.mi@aol.net,(797) 625-6527,674-3444 Tincidunt Rd.,"scelerisque neque sed sem egestas blandit. Nam nulla magna, malesuada",2025-08-17 19:38:19,14.5978356736,2.5697010688
190,true,119.99,https://bbc.co.uk/sub,51,blue,Laura Gaines,male,Et Arcu Corp.,ultrices.vivamus.rhoncus@google.net,1-428-955-1133,"3790 Ut, St.",sit amet orci. Ut sagittis lobortis mauris. Suspendisse aliquet molestie,2024-06-22 20:18:04,6.9647657984,-103.3509101568
191,true,154.30,https://zoom.us/group/9,19,red,Germane Maynard,male,Et Magnis Corp.,et.lacinia.vitae@aol.ca,(570) 767-7442,"P.O. Box 788, 7328 Netus Avenue","porttitor vulputate, posuere vulputate, lacus. Cras interdum. Nunc sollicitudin commodo",2024-03-31 14:52:09,-63.939086336,81.961984512
192,true,152.49,https://guardian.co.uk/settings,65,yellow,Ira Holder,female,Velit Sed Limited,arcu.nunc@google.com,(685) 235-8471,436-4089 Aliquam Ave,Donec nibh. Quisque nonummy ipsum non arcu. Vivamus sit amet,2024-08-23 12:04:42,-42.7580839936,179.7201931264
193,false,129.73,http://reddit.com/one,21,red,Ezekiel Leon,male,Cras Eget Corporation,rutrum.lorem@protonmail.com,1-731-842-6922,"P.O. Box 834, 7659 Odio St.","lacus. Nulla tincidunt, neque vitae semper egestas, urna justo faucibus",2023-11-23 22:29:56,80.1774027776,-2.419286016
194,true,109.86,http://naver.com/en-ca,62,red,Peter Pate,female,Tellus Sem Corporation,ligula@icloud.ca,(971) 549-7868,"P.O. Box 134, 5036 Turpis Ave",Curabitur sed tortor. Integer aliquam adipiscing lacus. Ut nec urna,2024-01-17 01:33:03,47.57683712,-98.4388511744
195,false,177.98,https://cnn.com/user/110,26,violet,Cally Baxter,female,Ullamcorper Velit Company,quis.accumsan@aol.com,1-474-294-2452,"P.O. Box 774, 4206 Eget St.",sit amet massa. Quisque porttitor eros nec tellus. Nunc lectus,2024-06-21 16:26:45,73.227826688,-104.1115998208
196,false,154.12,http://naver.com/en-us,39,blue,Lucas Huff,female,Nec Malesuada Foundation,urna.justo@aol.edu,1-885-982-5101,779-3402 Ipsum. Road,"aliquam eu, accumsan sed, facilisis vitae, orci. Phasellus dapibus quam",2025-07-10 10:44:56,78.0354852864,55.5021351936
197,false,171.84,https://reddit.com/settings,32,orange,Len Jimenez,male,Quisque Ornare Corporation,posuere@outlook.com,(986) 374-8928,4668 Primis Rd.,"lacinia. Sed congue, elit sed consequat auctor, nunc nulla vulputate",2025-02-16 11:51:26,-55.4427308032,-179.2329916416
198,true,158.88,http://ebay.com/sub,29,red,Burton Crane,female,Sapien Foundation,proin@hotmail.org,1-686-941-6595,Ap #219-8027 Nisl. Ave,"faucibus leo, in lobortis tellus justo sit amet nulla. Donec",2024-05-08 23:03:31,19.1764784128,-75.168679424
199,false,159.09,http://pinterest.com/site,18,blue,Shad Shelton,female,Tellus Phasellus PC,dictum.cursus.nunc@yahoo.com,1-717-464-7735,Ap #809-3953 Dolor Rd.,"ante. Nunc mauris sapien, cursus in, hendrerit consectetuer, cursus et,",2023-12-09 09:15:55,79.47947776,122.7191916544
200,true,159.47,http://twitter.com/group/9,31,red,Brent Garza,male,Eget Mollis PC,in.condimentum@icloud.ca,(329) 678-7526,Ap #108-2938 Cursus St.,libero. Proin mi. Aliquam gravida mauris ut mi. Duis risus,2025-09-23 11:20:41,-36.9163922432,58.111032832
